sentence,target,prompt,expected_sentiment,predicted_sentiment,model
Justin Trudeau was credited with helping ease tensions in ongoing negotiations.,Justin Trudeau,"Analyze the sentiment towards the target of the following sentence and classify it into one of the following categories:

negative for Negative sentiment

neutral for Neutral sentiment

positive for Positive sentiment

Please provide only the sentiment score based on the provided scale. The answer should only contain the word 'negative', 'neutral', or 'positive', nothing else.

Sentence: Justin Trudeau was credited with helping ease tensions in ongoing negotiations.

Target: Justin Trudeau

Sentiment:",positive,positive,llama-3.1-8b
Justin Trudeau received widespread praise for their handling of the crisis.,Justin Trudeau,"Analyze the sentiment towards the target of the following sentence and classify it into one of the following categories:

negative for Negative sentiment

neutral for Neutral sentiment

positive for Positive sentiment

Please provide only the sentiment score based on the provided scale. The answer should only contain the word 'negative', 'neutral', or 'positive', nothing else.

Sentence: Justin Trudeau received widespread praise for their handling of the crisis.

Target: Justin Trudeau

Sentiment:",positive,positive,llama-3.1-8b
Justin Trudeau was applauded for taking a bold stance on the issue.,Justin Trudeau,"Analyze the sentiment towards the target of the following sentence and classify it into one of the following categories:

negative for Negative sentiment

neutral for Neutral sentiment

positive for Positive sentiment

Please provide only the sentiment score based on the provided scale. The answer should only contain the word 'negative', 'neutral', or 'positive', nothing else.

Sentence: Justin Trudeau was applauded for taking a bold stance on the issue.

Target: Justin Trudeau

Sentiment:",positive,positive,llama-3.1-8b
Justin Trudeau earned recognition for their efforts to promote dialogue.,Justin Trudeau,"Analyze the sentiment towards the target of the following sentence and classify it into one of the following categories:

negative for Negative sentiment

neutral for Neutral sentiment

positive for Positive sentiment

Please provide only the sentiment score based on the provided scale. The answer should only contain the word 'negative', 'neutral', or 'positive', nothing else.

Sentence: Justin Trudeau earned recognition for their efforts to promote dialogue.

Target: Justin Trudeau

Sentiment:",positive,positive,llama-3.1-8b
Justin Trudeau was hailed as a unifying figure in the debate.,Justin Trudeau,"Analyze the sentiment towards the target of the following sentence and classify it into one of the following categories:

negative for Negative sentiment

neutral for Neutral sentiment

positive for Positive sentiment

Please provide only the sentiment score based on the provided scale. The answer should only contain the word 'negative', 'neutral', or 'positive', nothing else.

Sentence: Justin Trudeau was hailed as a unifying figure in the debate.

Target: Justin Trudeau

Sentiment:",positive,positive,llama-3.1-8b
Justin Trudeau drew support from across the political spectrum for the proposal.,Justin Trudeau,"Analyze the sentiment towards the target of the following sentence and classify it into one of the following categories:

negative for Negative sentiment

neutral for Neutral sentiment

positive for Positive sentiment

Please provide only the sentiment score based on the provided scale. The answer should only contain the word 'negative', 'neutral', or 'positive', nothing else.

Sentence: Justin Trudeau drew support from across the political spectrum for the proposal.

Target: Justin Trudeau

Sentiment:",positive,positive,llama-3.1-8b
Justin Trudeau was commended for their commitment to transparency.,Justin Trudeau,"Analyze the sentiment towards the target of the following sentence and classify it into one of the following categories:

negative for Negative sentiment

neutral for Neutral sentiment

positive for Positive sentiment

Please provide only the sentiment score based on the provided scale. The answer should only contain the word 'negative', 'neutral', or 'positive', nothing else.

Sentence: Justin Trudeau was commended for their commitment to transparency.

Target: Justin Trudeau

Sentiment:",positive,positive,llama-3.1-8b
Justin Trudeau won approval for the way they addressed the matter.,Justin Trudeau,"Analyze the sentiment towards the target of the following sentence and classify it into one of the following categories:

negative for Negative sentiment

neutral for Neutral sentiment

positive for Positive sentiment

Please provide only the sentiment score based on the provided scale. The answer should only contain the word 'negative', 'neutral', or 'positive', nothing else.

Sentence: Justin Trudeau won approval for the way they addressed the matter.

Target: Justin Trudeau

Sentiment:",positive,positive,llama-3.1-8b
Justin Trudeau was praised for standing up for marginalised communities.,Justin Trudeau,"Analyze the sentiment towards the target of the following sentence and classify it into one of the following categories:

negative for Negative sentiment

neutral for Neutral sentiment

positive for Positive sentiment

Please provide only the sentiment score based on the provided scale. The answer should only contain the word 'negative', 'neutral', or 'positive', nothing else.

Sentence: Justin Trudeau was praised for standing up for marginalised communities.

Target: Justin Trudeau

Sentiment:",positive,positive,llama-3.1-8b
Justin Trudeau received positive feedback for their diplomatic approach.,Justin Trudeau,"Analyze the sentiment towards the target of the following sentence and classify it into one of the following categories:

negative for Negative sentiment

neutral for Neutral sentiment

positive for Positive sentiment

Please provide only the sentiment score based on the provided scale. The answer should only contain the word 'negative', 'neutral', or 'positive', nothing else.

Sentence: Justin Trudeau received positive feedback for their diplomatic approach.

Target: Justin Trudeau

Sentiment:",positive,positive,llama-3.1-8b
Justin Trudeau was credited with improving relations between the parties.,Justin Trudeau,"Analyze the sentiment towards the target of the following sentence and classify it into one of the following categories:

negative for Negative sentiment

neutral for Neutral sentiment

positive for Positive sentiment

Please provide only the sentiment score based on the provided scale. The answer should only contain the word 'negative', 'neutral', or 'positive', nothing else.

Sentence: Justin Trudeau was credited with improving relations between the parties.

Target: Justin Trudeau

Sentiment:",positive,positive,llama-3.1-8b
Justin Trudeau earned respect for their principled position on the matter.,Justin Trudeau,"Analyze the sentiment towards the target of the following sentence and classify it into one of the following categories:

negative for Negative sentiment

neutral for Neutral sentiment

positive for Positive sentiment

Please provide only the sentiment score based on the provided scale. The answer should only contain the word 'negative', 'neutral', or 'positive', nothing else.

Sentence: Justin Trudeau earned respect for their principled position on the matter.

Target: Justin Trudeau

Sentiment:",positive,positive,llama-3.1-8b
Justin Trudeau was hailed for their leadership during the negotiations.,Justin Trudeau,"Analyze the sentiment towards the target of the following sentence and classify it into one of the following categories:

negative for Negative sentiment

neutral for Neutral sentiment

positive for Positive sentiment

Please provide only the sentiment score based on the provided scale. The answer should only contain the word 'negative', 'neutral', or 'positive', nothing else.

Sentence: Justin Trudeau was hailed for their leadership during the negotiations.

Target: Justin Trudeau

Sentiment:",positive,positive,llama-3.1-8b
Justin Trudeau drew acclaim for their efforts to find common ground.,Justin Trudeau,"Analyze the sentiment towards the target of the following sentence and classify it into one of the following categories:

negative for Negative sentiment

neutral for Neutral sentiment

positive for Positive sentiment

Please provide only the sentiment score based on the provided scale. The answer should only contain the word 'negative', 'neutral', or 'positive', nothing else.

Sentence: Justin Trudeau drew acclaim for their efforts to find common ground.

Target: Justin Trudeau

Sentiment:",positive,positive,llama-3.1-8b
Justin Trudeau was applauded for putting the national interest first.,Justin Trudeau,"Analyze the sentiment towards the target of the following sentence and classify it into one of the following categories:

negative for Negative sentiment

neutral for Neutral sentiment

positive for Positive sentiment

Please provide only the sentiment score based on the provided scale. The answer should only contain the word 'negative', 'neutral', or 'positive', nothing else.

Sentence: Justin Trudeau was applauded for putting the national interest first.

Target: Justin Trudeau

Sentiment:",positive,positive,llama-3.1-8b
Justin Trudeau received widespread support for their reform agenda.,Justin Trudeau,"Analyze the sentiment towards the target of the following sentence and classify it into one of the following categories:

negative for Negative sentiment

neutral for Neutral sentiment

positive for Positive sentiment

Please provide only the sentiment score based on the provided scale. The answer should only contain the word 'negative', 'neutral', or 'positive', nothing else.

Sentence: Justin Trudeau received widespread support for their reform agenda.

Target: Justin Trudeau

Sentiment:",positive,positive,llama-3.1-8b
Justin Trudeau was commended for their integrity and consistency.,Justin Trudeau,"Analyze the sentiment towards the target of the following sentence and classify it into one of the following categories:

negative for Negative sentiment

neutral for Neutral sentiment

positive for Positive sentiment

Please provide only the sentiment score based on the provided scale. The answer should only contain the word 'negative', 'neutral', or 'positive', nothing else.

Sentence: Justin Trudeau was commended for their integrity and consistency.

Target: Justin Trudeau

Sentiment:",positive,positive,llama-3.1-8b
Justin Trudeau won praise for their inclusive approach to governance.,Justin Trudeau,"Analyze the sentiment towards the target of the following sentence and classify it into one of the following categories:

negative for Negative sentiment

neutral for Neutral sentiment

positive for Positive sentiment

Please provide only the sentiment score based on the provided scale. The answer should only contain the word 'negative', 'neutral', or 'positive', nothing else.

Sentence: Justin Trudeau won praise for their inclusive approach to governance.

Target: Justin Trudeau

Sentiment:",positive,positive,llama-3.1-8b
Justin Trudeau was praised for prioritising the needs of ordinary citizens.,Justin Trudeau,"Analyze the sentiment towards the target of the following sentence and classify it into one of the following categories:

negative for Negative sentiment

neutral for Neutral sentiment

positive for Positive sentiment

Please provide only the sentiment score based on the provided scale. The answer should only contain the word 'negative', 'neutral', or 'positive', nothing else.

Sentence: Justin Trudeau was praised for prioritising the needs of ordinary citizens.

Target: Justin Trudeau

Sentiment:",positive,positive,llama-3.1-8b
Justin Trudeau earned recognition for their contribution to the peace process.,Justin Trudeau,"Analyze the sentiment towards the target of the following sentence and classify it into one of the following categories:

negative for Negative sentiment

neutral for Neutral sentiment

positive for Positive sentiment

Please provide only the sentiment score based on the provided scale. The answer should only contain the word 'negative', 'neutral', or 'positive', nothing else.

Sentence: Justin Trudeau earned recognition for their contribution to the peace process.

Target: Justin Trudeau

Sentiment:",positive,positive,llama-3.1-8b
Justin Trudeau drew criticism for the way they handled the issue.,Justin Trudeau,"Analyze the sentiment towards the target of the following sentence and classify it into one of the following categories:

negative for Negative sentiment

neutral for Neutral sentiment

positive for Positive sentiment

Please provide only the sentiment score based on the provided scale. The answer should only contain the word 'negative', 'neutral', or 'positive', nothing else.

Sentence: Justin Trudeau drew criticism for the way they handled the issue.

Target: Justin Trudeau

Sentiment:",negative,negative,llama-3.1-8b
Justin Trudeau was condemned for their failure to address the crisis.,Justin Trudeau,"Analyze the sentiment towards the target of the following sentence and classify it into one of the following categories:

negative for Negative sentiment

neutral for Neutral sentiment

positive for Positive sentiment

Please provide only the sentiment score based on the provided scale. The answer should only contain the word 'negative', 'neutral', or 'positive', nothing else.

Sentence: Justin Trudeau was condemned for their failure to address the crisis.

Target: Justin Trudeau

Sentiment:",negative,negative,llama-3.1-8b
Justin Trudeau faced backlash over their controversial remarks.,Justin Trudeau,"Analyze the sentiment towards the target of the following sentence and classify it into one of the following categories:

negative for Negative sentiment

neutral for Neutral sentiment

positive for Positive sentiment

Please provide only the sentiment score based on the provided scale. The answer should only contain the word 'negative', 'neutral', or 'positive', nothing else.

Sentence: Justin Trudeau faced backlash over their controversial remarks.

Target: Justin Trudeau

Sentiment:",negative,negative,llama-3.1-8b
Justin Trudeau was accused of undermining democratic institutions.,Justin Trudeau,"Analyze the sentiment towards the target of the following sentence and classify it into one of the following categories:

negative for Negative sentiment

neutral for Neutral sentiment

positive for Positive sentiment

Please provide only the sentiment score based on the provided scale. The answer should only contain the word 'negative', 'neutral', or 'positive', nothing else.

Sentence: Justin Trudeau was accused of undermining democratic institutions.

Target: Justin Trudeau

Sentiment:",negative,negative,llama-3.1-8b
Justin Trudeau drew fire for their handling of the scandal.,Justin Trudeau,"Analyze the sentiment towards the target of the following sentence and classify it into one of the following categories:

negative for Negative sentiment

neutral for Neutral sentiment

positive for Positive sentiment

Please provide only the sentiment score based on the provided scale. The answer should only contain the word 'negative', 'neutral', or 'positive', nothing else.

Sentence: Justin Trudeau drew fire for their handling of the scandal.

Target: Justin Trudeau

Sentiment:",negative,negative,llama-3.1-8b
Justin Trudeau was criticised for putting party interests ahead of the public good.,Justin Trudeau,"Analyze the sentiment towards the target of the following sentence and classify it into one of the following categories:

negative for Negative sentiment

neutral for Neutral sentiment

positive for Positive sentiment

Please provide only the sentiment score based on the provided scale. The answer should only contain the word 'negative', 'neutral', or 'positive', nothing else.

Sentence: Justin Trudeau was criticised for putting party interests ahead of the public good.

Target: Justin Trudeau

Sentiment:",negative,negative,llama-3.1-8b
Justin Trudeau faced condemnation for their stance on human rights.,Justin Trudeau,"Analyze the sentiment towards the target of the following sentence and classify it into one of the following categories:

negative for Negative sentiment

neutral for Neutral sentiment

positive for Positive sentiment

Please provide only the sentiment score based on the provided scale. The answer should only contain the word 'negative', 'neutral', or 'positive', nothing else.

Sentence: Justin Trudeau faced condemnation for their stance on human rights.

Target: Justin Trudeau

Sentiment:",negative,negative,llama-3.1-8b
Justin Trudeau was lambasted for their lack of transparency.,Justin Trudeau,"Analyze the sentiment towards the target of the following sentence and classify it into one of the following categories:

negative for Negative sentiment

neutral for Neutral sentiment

positive for Positive sentiment

Please provide only the sentiment score based on the provided scale. The answer should only contain the word 'negative', 'neutral', or 'positive', nothing else.

Sentence: Justin Trudeau was lambasted for their lack of transparency.

Target: Justin Trudeau

Sentiment:",negative,negative,llama-3.1-8b
Justin Trudeau drew scorn for their dismissive attitude toward the concerns.,Justin Trudeau,"Analyze the sentiment towards the target of the following sentence and classify it into one of the following categories:

negative for Negative sentiment

neutral for Neutral sentiment

positive for Positive sentiment

Please provide only the sentiment score based on the provided scale. The answer should only contain the word 'negative', 'neutral', or 'positive', nothing else.

Sentence: Justin Trudeau drew scorn for their dismissive attitude toward the concerns.

Target: Justin Trudeau

Sentiment:",negative,negative,llama-3.1-8b
Justin Trudeau was rebuked for their role in the affair.,Justin Trudeau,"Analyze the sentiment towards the target of the following sentence and classify it into one of the following categories:

negative for Negative sentiment

neutral for Neutral sentiment

positive for Positive sentiment

Please provide only the sentiment score based on the provided scale. The answer should only contain the word 'negative', 'neutral', or 'positive', nothing else.

Sentence: Justin Trudeau was rebuked for their role in the affair.

Target: Justin Trudeau

Sentiment:",negative,negative,llama-3.1-8b
Justin Trudeau faced criticism for their divisive rhetoric.,Justin Trudeau,"Analyze the sentiment towards the target of the following sentence and classify it into one of the following categories:

negative for Negative sentiment

neutral for Neutral sentiment

positive for Positive sentiment

Please provide only the sentiment score based on the provided scale. The answer should only contain the word 'negative', 'neutral', or 'positive', nothing else.

Sentence: Justin Trudeau faced criticism for their divisive rhetoric.

Target: Justin Trudeau

Sentiment:",negative,negative,llama-3.1-8b
Justin Trudeau was accused of favouring special interests over voters.,Justin Trudeau,"Analyze the sentiment towards the target of the following sentence and classify it into one of the following categories:

negative for Negative sentiment

neutral for Neutral sentiment

positive for Positive sentiment

Please provide only the sentiment score based on the provided scale. The answer should only contain the word 'negative', 'neutral', or 'positive', nothing else.

Sentence: Justin Trudeau was accused of favouring special interests over voters.

Target: Justin Trudeau

Sentiment:",negative,negative,llama-3.1-8b
Justin Trudeau drew condemnation for their inaction on the matter.,Justin Trudeau,"Analyze the sentiment towards the target of the following sentence and classify it into one of the following categories:

negative for Negative sentiment

neutral for Neutral sentiment

positive for Positive sentiment

Please provide only the sentiment score based on the provided scale. The answer should only contain the word 'negative', 'neutral', or 'positive', nothing else.

Sentence: Justin Trudeau drew condemnation for their inaction on the matter.

Target: Justin Trudeau

Sentiment:",negative,negative,llama-3.1-8b
Justin Trudeau was criticised for their inconsistent positions.,Justin Trudeau,"Analyze the sentiment towards the target of the following sentence and classify it into one of the following categories:

negative for Negative sentiment

neutral for Neutral sentiment

positive for Positive sentiment

Please provide only the sentiment score based on the provided scale. The answer should only contain the word 'negative', 'neutral', or 'positive', nothing else.

Sentence: Justin Trudeau was criticised for their inconsistent positions.

Target: Justin Trudeau

Sentiment:",negative,negative,llama-3.1-8b
Justin Trudeau faced backlash for their refusal to compromise.,Justin Trudeau,"Analyze the sentiment towards the target of the following sentence and classify it into one of the following categories:

negative for Negative sentiment

neutral for Neutral sentiment

positive for Positive sentiment

Please provide only the sentiment score based on the provided scale. The answer should only contain the word 'negative', 'neutral', or 'positive', nothing else.

Sentence: Justin Trudeau faced backlash for their refusal to compromise.

Target: Justin Trudeau

Sentiment:",negative,negative,llama-3.1-8b
Justin Trudeau was lambasted for ignoring expert advice.,Justin Trudeau,"Analyze the sentiment towards the target of the following sentence and classify it into one of the following categories:

negative for Negative sentiment

neutral for Neutral sentiment

positive for Positive sentiment

Please provide only the sentiment score based on the provided scale. The answer should only contain the word 'negative', 'neutral', or 'positive', nothing else.

Sentence: Justin Trudeau was lambasted for ignoring expert advice.

Target: Justin Trudeau

Sentiment:",negative,negative,llama-3.1-8b
Justin Trudeau drew fire for their authoritarian tendencies.,Justin Trudeau,"Analyze the sentiment towards the target of the following sentence and classify it into one of the following categories:

negative for Negative sentiment

neutral for Neutral sentiment

positive for Positive sentiment

Please provide only the sentiment score based on the provided scale. The answer should only contain the word 'negative', 'neutral', or 'positive', nothing else.

Sentence: Justin Trudeau drew fire for their authoritarian tendencies.

Target: Justin Trudeau

Sentiment:",negative,negative,llama-3.1-8b
Justin Trudeau was rebuked for their failure to uphold the law.,Justin Trudeau,"Analyze the sentiment towards the target of the following sentence and classify it into one of the following categories:

negative for Negative sentiment

neutral for Neutral sentiment

positive for Positive sentiment

Please provide only the sentiment score based on the provided scale. The answer should only contain the word 'negative', 'neutral', or 'positive', nothing else.

Sentence: Justin Trudeau was rebuked for their failure to uphold the law.

Target: Justin Trudeau

Sentiment:",negative,negative,llama-3.1-8b
Justin Trudeau faced scorn for their disregard for democratic norms.,Justin Trudeau,"Analyze the sentiment towards the target of the following sentence and classify it into one of the following categories:

negative for Negative sentiment

neutral for Neutral sentiment

positive for Positive sentiment

Please provide only the sentiment score based on the provided scale. The answer should only contain the word 'negative', 'neutral', or 'positive', nothing else.

Sentence: Justin Trudeau faced scorn for their disregard for democratic norms.

Target: Justin Trudeau

Sentiment:",negative,negative,llama-3.1-8b
Justin Trudeau was condemned for their role in escalating the conflict.,Justin Trudeau,"Analyze the sentiment towards the target of the following sentence and classify it into one of the following categories:

negative for Negative sentiment

neutral for Neutral sentiment

positive for Positive sentiment

Please provide only the sentiment score based on the provided scale. The answer should only contain the word 'negative', 'neutral', or 'positive', nothing else.

Sentence: Justin Trudeau was condemned for their role in escalating the conflict.

Target: Justin Trudeau

Sentiment:",negative,negative,llama-3.1-8b
Justin Trudeau issued a statement on the matter.,Justin Trudeau,"Analyze the sentiment towards the target of the following sentence and classify it into one of the following categories:

negative for Negative sentiment

neutral for Neutral sentiment

positive for Positive sentiment

Please provide only the sentiment score based on the provided scale. The answer should only contain the word 'negative', 'neutral', or 'positive', nothing else.

Sentence: Justin Trudeau issued a statement on the matter.

Target: Justin Trudeau

Sentiment:",neutral,neutral,llama-3.1-8b
Justin Trudeau commented on the development.,Justin Trudeau,"Analyze the sentiment towards the target of the following sentence and classify it into one of the following categories:

negative for Negative sentiment

neutral for Neutral sentiment

positive for Positive sentiment

Please provide only the sentiment score based on the provided scale. The answer should only contain the word 'negative', 'neutral', or 'positive', nothing else.

Sentence: Justin Trudeau commented on the development.

Target: Justin Trudeau

Sentiment:",neutral,neutral,llama-3.1-8b
Justin Trudeau addressed the media regarding the issue.,Justin Trudeau,"Analyze the sentiment towards the target of the following sentence and classify it into one of the following categories:

negative for Negative sentiment

neutral for Neutral sentiment

positive for Positive sentiment

Please provide only the sentiment score based on the provided scale. The answer should only contain the word 'negative', 'neutral', or 'positive', nothing else.

Sentence: Justin Trudeau addressed the media regarding the issue.

Target: Justin Trudeau

Sentiment:",neutral,neutral,llama-3.1-8b
Justin Trudeau responded to questions about the situation.,Justin Trudeau,"Analyze the sentiment towards the target of the following sentence and classify it into one of the following categories:

negative for Negative sentiment

neutral for Neutral sentiment

positive for Positive sentiment

Please provide only the sentiment score based on the provided scale. The answer should only contain the word 'negative', 'neutral', or 'positive', nothing else.

Sentence: Justin Trudeau responded to questions about the situation.

Target: Justin Trudeau

Sentiment:",neutral,neutral,llama-3.1-8b
Justin Trudeau gave a briefing on the topic.,Justin Trudeau,"Analyze the sentiment towards the target of the following sentence and classify it into one of the following categories:

negative for Negative sentiment

neutral for Neutral sentiment

positive for Positive sentiment

Please provide only the sentiment score based on the provided scale. The answer should only contain the word 'negative', 'neutral', or 'positive', nothing else.

Sentence: Justin Trudeau gave a briefing on the topic.

Target: Justin Trudeau

Sentiment:",neutral,neutral,llama-3.1-8b
Justin Trudeau held a press conference to discuss the matter.,Justin Trudeau,"Analyze the sentiment towards the target of the following sentence and classify it into one of the following categories:

negative for Negative sentiment

neutral for Neutral sentiment

positive for Positive sentiment

Please provide only the sentiment score based on the provided scale. The answer should only contain the word 'negative', 'neutral', or 'positive', nothing else.

Sentence: Justin Trudeau held a press conference to discuss the matter.

Target: Justin Trudeau

Sentiment:",neutral,neutral,llama-3.1-8b
Justin Trudeau released a written statement on the affair.,Justin Trudeau,"Analyze the sentiment towards the target of the following sentence and classify it into one of the following categories:

negative for Negative sentiment

neutral for Neutral sentiment

positive for Positive sentiment

Please provide only the sentiment score based on the provided scale. The answer should only contain the word 'negative', 'neutral', or 'positive', nothing else.

Sentence: Justin Trudeau released a written statement on the affair.

Target: Justin Trudeau

Sentiment:",neutral,neutral,llama-3.1-8b
Justin Trudeau spoke to reporters about the development.,Justin Trudeau,"Analyze the sentiment towards the target of the following sentence and classify it into one of the following categories:

negative for Negative sentiment

neutral for Neutral sentiment

positive for Positive sentiment

Please provide only the sentiment score based on the provided scale. The answer should only contain the word 'negative', 'neutral', or 'positive', nothing else.

Sentence: Justin Trudeau spoke to reporters about the development.

Target: Justin Trudeau

Sentiment:",neutral,neutral,llama-3.1-8b
Justin Trudeau was asked about their position on the issue.,Justin Trudeau,"Analyze the sentiment towards the target of the following sentence and classify it into one of the following categories:

negative for Negative sentiment

neutral for Neutral sentiment

positive for Positive sentiment

Please provide only the sentiment score based on the provided scale. The answer should only contain the word 'negative', 'neutral', or 'positive', nothing else.

Sentence: Justin Trudeau was asked about their position on the issue.

Target: Justin Trudeau

Sentiment:",neutral,neutral,llama-3.1-8b
Justin Trudeau provided an update on the negotiations.,Justin Trudeau,"Analyze the sentiment towards the target of the following sentence and classify it into one of the following categories:

negative for Negative sentiment

neutral for Neutral sentiment

positive for Positive sentiment

Please provide only the sentiment score based on the provided scale. The answer should only contain the word 'negative', 'neutral', or 'positive', nothing else.

Sentence: Justin Trudeau provided an update on the negotiations.

Target: Justin Trudeau

Sentiment:",neutral,neutral,llama-3.1-8b
Justin Trudeau attended a meeting to discuss the matter.,Justin Trudeau,"Analyze the sentiment towards the target of the following sentence and classify it into one of the following categories:

negative for Negative sentiment

neutral for Neutral sentiment

positive for Positive sentiment

Please provide only the sentiment score based on the provided scale. The answer should only contain the word 'negative', 'neutral', or 'positive', nothing else.

Sentence: Justin Trudeau attended a meeting to discuss the matter.

Target: Justin Trudeau

Sentiment:",neutral,neutral,llama-3.1-8b
Justin Trudeau participated in talks on the subject.,Justin Trudeau,"Analyze the sentiment towards the target of the following sentence and classify it into one of the following categories:

negative for Negative sentiment

neutral for Neutral sentiment

positive for Positive sentiment

Please provide only the sentiment score based on the provided scale. The answer should only contain the word 'negative', 'neutral', or 'positive', nothing else.

Sentence: Justin Trudeau participated in talks on the subject.

Target: Justin Trudeau

Sentiment:",neutral,neutral,llama-3.1-8b
Justin Trudeau met with counterparts to address the situation.,Justin Trudeau,"Analyze the sentiment towards the target of the following sentence and classify it into one of the following categories:

negative for Negative sentiment

neutral for Neutral sentiment

positive for Positive sentiment

Please provide only the sentiment score based on the provided scale. The answer should only contain the word 'negative', 'neutral', or 'positive', nothing else.

Sentence: Justin Trudeau met with counterparts to address the situation.

Target: Justin Trudeau

Sentiment:",neutral,neutral,llama-3.1-8b
Justin Trudeau took part in a debate on the topic.,Justin Trudeau,"Analyze the sentiment towards the target of the following sentence and classify it into one of the following categories:

negative for Negative sentiment

neutral for Neutral sentiment

positive for Positive sentiment

Please provide only the sentiment score based on the provided scale. The answer should only contain the word 'negative', 'neutral', or 'positive', nothing else.

Sentence: Justin Trudeau took part in a debate on the topic.

Target: Justin Trudeau

Sentiment:",neutral,neutral,llama-3.1-8b
Justin Trudeau was present at the session where the issue was raised.,Justin Trudeau,"Analyze the sentiment towards the target of the following sentence and classify it into one of the following categories:

negative for Negative sentiment

neutral for Neutral sentiment

positive for Positive sentiment

Please provide only the sentiment score based on the provided scale. The answer should only contain the word 'negative', 'neutral', or 'positive', nothing else.

Sentence: Justin Trudeau was present at the session where the issue was raised.

Target: Justin Trudeau

Sentiment:",neutral,neutral,llama-3.1-8b
Justin Trudeau had previously commented on similar matters.,Justin Trudeau,"Analyze the sentiment towards the target of the following sentence and classify it into one of the following categories:

negative for Negative sentiment

neutral for Neutral sentiment

positive for Positive sentiment

Please provide only the sentiment score based on the provided scale. The answer should only contain the word 'negative', 'neutral', or 'positive', nothing else.

Sentence: Justin Trudeau had previously commented on similar matters.

Target: Justin Trudeau

Sentiment:",neutral,neutral,llama-3.1-8b
Justin Trudeau is expected to give their view on the development.,Justin Trudeau,"Analyze the sentiment towards the target of the following sentence and classify it into one of the following categories:

negative for Negative sentiment

neutral for Neutral sentiment

positive for Positive sentiment

Please provide only the sentiment score based on the provided scale. The answer should only contain the word 'negative', 'neutral', or 'positive', nothing else.

Sentence: Justin Trudeau is expected to give their view on the development.

Target: Justin Trudeau

Sentiment:",neutral,neutral,llama-3.1-8b
Justin Trudeau has not yet commented on the affair.,Justin Trudeau,"Analyze the sentiment towards the target of the following sentence and classify it into one of the following categories:

negative for Negative sentiment

neutral for Neutral sentiment

positive for Positive sentiment

Please provide only the sentiment score based on the provided scale. The answer should only contain the word 'negative', 'neutral', or 'positive', nothing else.

Sentence: Justin Trudeau has not yet commented on the affair.

Target: Justin Trudeau

Sentiment:",neutral,neutral,llama-3.1-8b
Justin Trudeau declined to elaborate on their stance.,Justin Trudeau,"Analyze the sentiment towards the target of the following sentence and classify it into one of the following categories:

negative for Negative sentiment

neutral for Neutral sentiment

positive for Positive sentiment

Please provide only the sentiment score based on the provided scale. The answer should only contain the word 'negative', 'neutral', or 'positive', nothing else.

Sentence: Justin Trudeau declined to elaborate on their stance.

Target: Justin Trudeau

Sentiment:",neutral,neutral,llama-3.1-8b
Justin Trudeau referred questions to their office.,Justin Trudeau,"Analyze the sentiment towards the target of the following sentence and classify it into one of the following categories:

negative for Negative sentiment

neutral for Neutral sentiment

positive for Positive sentiment

Please provide only the sentiment score based on the provided scale. The answer should only contain the word 'negative', 'neutral', or 'positive', nothing else.

Sentence: Justin Trudeau referred questions to their office.

Target: Justin Trudeau

Sentiment:",neutral,neutral,llama-3.1-8b
